Variable,Bin,total,good,bad,good_rate,bad_rate,WoE,IV_component,IV
avg_txn_per_day_7d,"(-0.001, 0.0714]",493,397,96,0.8052738320379841,0.19472616593361833,-0.0942097271525144,0.004467816944267595,0.12808918768475003
avg_txn_per_day_7d,"(0.0714, 0.214]",72,52,20,0.7222222121913582,0.27777777391975317,-0.5582797548730809,0.02624598044789703,0.12808918768475003
avg_txn_per_day_7d,"(0.214, 0.929]",138,114,24,0.8260869505356018,0.17391304221802142,0.04434628544000854,0.0002651690913776645,0.12808918768475003
avg_txn_per_day_7d,"(0.929, 1.5]",53,50,3,0.9433962086151659,0.056603772516909956,1.2995685881348396,0.05714979661878684,0.12808918768475003
avg_txn_per_day_7d,"(1.5, 2.071]",50,43,7,0.8599999828000003,0.13999999720000006,0.3014851956877397,0.004080187559645506,0.12808918768475003
avg_txn_per_day_7d,"(2.071, 2.786]",50,40,10,0.7999999840000004,0.1999999960000001,-0.1275011675898716,0.0008386339559293902,0.12808918768475003
avg_txn_per_day_7d,"(2.786, 3.786]",52,48,4,0.9230769053254442,0.07692307544378701,0.9710803761795306,0.035020159515358626,0.12808918768475003
avg_txn_per_day_7d,"(3.786, 49.714]",101,83,18,0.8217821700813647,0.17821782001764536,0.014670698984598135,2.1443551487373178e-05,0.12808918768475003
