Variable,Bin,total,good,bad,good_rate,bad_rate,WoE,IV_component,IV
txn_count_slope_6m,"(-13.744, -0.271]",58,47,11,0.8103448136147446,0.1896551691438764,-0.06154462447775523,0.00022203069914948504,-0.005294253950510086
txn_count_slope_6m,"(-0.271, 0.0143]",131,65,66,0.4961832023192122,0.5038167900472,-1.5290555103683385,0.43431295921026947,-0.005294253950510086
txn_count_slope_6m,"(0.0143, 4.786]",438,357,81,0.815068491289798,0.18493150642709702,-1.5290555103683385,0.02044984718842267,-0.005294253950510086
txn_count_slope_6m,"(4.786, 7.114]",97,92,5,0.9484535984695506,0.051546391221171224,-1.5290555103683385,-0.12809347259401713,-0.005294253950510086
txn_count_slope_6m,"(7.114, 9.743]",85,73,12,0.8588235193079586,0.14117646892733565,-1.5290555103683385,-0.034154196185531956,-0.005294253950510086
txn_count_slope_6m,"(9.743, 44.286]",200,193,7,0.964999995175,0.034999999825,-1.5290555103683385,-0.29803142226880264,-0.005294253950510086
