Variable,Bin,total,good,bad,good_rate,bad_rate,WoE,IV_component,IV
txn_slope_7d_1m,"(-58.501, -21.125]",95,92,3,0.9684210424376732,0.031578947036011086,1.9093266089825416,0.18093151076503292,8.182067079420818e-09
txn_slope_7d_1m,"(-21.125, -4.375]",238,207,31,0.869747895505261,0.1302521002930584,1.9093266089825416,0.15269386618052952,8.182067079420818e-09
txn_slope_7d_1m,"(-4.375, -2.625]",102,82,20,0.8039215607458671,0.19607842945021148,1.9093266089825416,-0.02049956589455782,8.182067079420818e-09
txn_slope_7d_1m,"(-2.625, -1.125]",97,57,40,0.5876288599213519,0.4123711297693698,1.9093266089825416,-0.2880341341036222,8.182067079420818e-09
txn_slope_7d_1m,"(-1.125, 12.25]",356,282,74,0.7921348292355763,0.20786516795543492,1.9093266089825416,-0.1252553942727653,8.182067079420818e-09
txn_slope_7d_1m,"(12.25, 154.5]",121,107,14,0.8842975133529132,0.11570247838262415,1.9093266089825416,0.10016372550744998,8.182067079420818e-09
